Continent,Country,Code,Year,avg_years_of_schooling,mort_rate_both_sexes,mort_rate_male,mort_rate_female,inf_both_sexes,inf_male,inf_female,neonat_both_sexes,u5_both_sexes,u5_male,u5_female
Asia,Afghanistan,AFG,2016,3.6,245,272,216,51.2,54.5,47.7,39.3,67.5,70.9,63.7
Asia,Afghanistan,AFG,2015,3.6,233,254,210,53.1,56.5,49.6,40.5,70.4,73.8,66.7
Asia,Afghanistan,AFG,2014,3.5,234,254,213,55.1,58.6,51.5,41.9,73.6,77.0,69.9
Asia,Afghanistan,AFG,2013,3.5,235,254,215,57.3,60.8,53.6,43.3,76.9,80.5,73.2
Europe,Albania,ALB,2016,10.0,96,122,71,8.2,8.9,7.6,6.2,9.3,9.9,8.6
Europe,Albania,ALB,2015,9.7,92,118,66,8.5,9.2,7.8,6.1,9.6,10.2,8.9
Europe,Albania,ALB,2014,9.7,98,124,72,8.9,9.7,8.2,5.9,10.0,10.7,9.3
Europe,Albania,ALB,2013,9.7,100,127,74,9.5,10.3,8.6,5.9,10.7,11.4,9.9
Africa,Algeria,DZA,2016,8.0,95,106,84,21.0,22.4,19.6,15.2,24.5,25.9,23.0
Africa,Algeria,DZA,2015,7.9,96,108,85,21.4,22.8,20.0,15.5,24.9,26.3,23.5
Africa,Algeria,DZA,2014,7.9,98,109,86,21.8,23.1,20.4,15.7,25.3,26.7,23.9
Africa,Algeria,DZA,2013,7.8,100,111,88,22.1,23.4,20.8,15.9,25.7,27.0,24.3
Africa,Angola,AGO,2016,5.1,238,275,202,55.5,60.9,49.6,29.9,84.0,90.3,77.5
Africa,Angola,AGO,2015,5.0,240,278,203,57.8,63.4,51.8,30.8,88.1,94.5,81.3
Africa,Angola,AGO,2014,4.9,244,282,207,60.5,66.4,54.3,31.7,92.9,99.5,86.0
Africa,Angola,AGO,2013,4.9,249,286,214,63.6,69.7,57.2,32.7,98.4,105.3,91.1
North America,Antigua and Barbuda,ATG,2016,9.2,120,137,104,5.4,5.9,5.0,3.7,7.0,7.6,6.4
North America,Antigua and Barbuda,ATG,2015,9.2,122,140,105,5.7,6.2,5.2,3.9,7.3,7.9,6.6
North America,Antigua and Barbuda,ATG,2014,9.2,127,144,111,6.0,6.5,5.4,4.1,7.6,8.3,6.9
North America,Antigua and Barbuda,ATG,2013,9.2,127,146,109,6.3,6.9,5.8,4.3,8.0,8.7,7.3
South America,Argentina,ARG,2016,9.9,111,143,80,9.7,10.6,8.8,6.4,10.9,11.9,9.9
South America,Argentina,ARG,2015,9.8,113,145,80,10.2,11.2,9.2,6.6,11.5,12.5,10.4
South America,Argentina,ARG,2014,9.8,113,145,80,10.7,11.7,9.7,7.0,12.0,13.2,10.9
South America,Argentina,ARG,2013,9.8,116,151,82,11.3,12.3,10.2,7.3,12.6,13.8,11.4
Asia,Armenia,ARM,2016,11.7,116,176,65,12.2,13.5,10.8,7.2,13.7,15.1,12.1
Asia,Armenia,ARM,2015,11.6,121,182,69,12.8,14.2,11.3,7.5,14.4,15.9,12.7
Asia,Armenia,ARM,2014,11.5,118,180,66,13.5,15.0,11.9,7.9,15.1,16.7,13.4
Asia,Armenia,ARM,2013,11.4,121,181,69,14.2,15.7,12.6,8.3,15.9,17.6,14.1
Oceania,Australia,AUS,2016,12.9,61,77,45,3.2,3.4,2.9,2.3,3.8,4.1,3.4
Oceania,Australia,AUS,2015,12.8,62,79,46,3.2,3.5,3.0,2.3,3.9,4.2,3.5
Oceania,Australia,AUS,2014,12.7,61,77,45,3.3,3.6,3.1,2.4,4.0,4.3,3.6
Oceania,Australia,AUS,2013,12.6,60,75,45,3.5,3.8,3.2,2.4,4.1,4.5,3.7
Europe,Austria,AUT,2016,12.1,62,80,44,3.0,3.3,2.7,2.2,3.6,4.0,3.3
Europe,Austria,AUT,2015,12.1,64,84,44,3.0,3.3,2.8,2.2,3.7,4.1,3.3
Europe,Austria,AUT,2014,12.1,65,84,45,3.1,3.4,2.8,2.3,3.8,4.2,3.4
Europe,Austria,AUT,2013,11.9,67,88,45,3.2,3.5,2.9,2.3,3.9,4.3,3.5
Asia,Azerbaijan,AZE,2016,10.7,118,160,76,21.8,23.9,19.6,12.8,24.5,26.8,22.1
Asia,Azerbaijan,AZE,2015,10.7,120,163,78,23.3,25.6,21.0,13.8,26.3,28.8,23.7
Asia,Azerbaijan,AZE,2014,10.7,121,165,79,25.0,27.4,22.5,15.0,28.3,31.0,25.5
Asia,Azerbaijan,AZE,2013,10.8,124,168,81,26.8,29.4,24.2,16.2,30.5,33.3,27.5
North America,Bahamas,BHS,2016,11.1,159,199,120,8.8,9.4,8.2,5.8,10.9,11.6,10.1
North America,Bahamas,BHS,2015,11.1,161,202,119,9.1,9.7,8.4,6.0,11.2,11.9,10.3
North America,Bahamas,BHS,2014,11.1,168,209,127,9.3,10.0,8.6,6.2,11.5,12.3,10.6
North America,Bahamas,BHS,2013,11.1,166,207,126,9.6,10.3,8.9,6.5,11.8,12.6,10.9
Asia,Bahrain,BHR,2016,9.4,57,61,50,6.4,6.5,6.2,3.2,7.4,7.7,7.2
Asia,Bahrain,BHR,2015,9.3,59,63,51,6.5,6.6,6.3,3.2,7.6,7.8,7.3
Asia,Bahrain,BHR,2014,9.1,62,68,50,6.6,6.8,6.4,3.2,7.7,8.0,7.4
Asia,Bahrain,BHR,2013,9.0,63,68,53,6.7,6.9,6.5,3.2,7.8,8.1,7.5
Asia,Bangladesh,BGD,2016,5.2,130,150,110,28.0,29.9,26.0,19.4,33.9,36.1,31.7
Asia,Bangladesh,BGD,2015,5.2,133,152,113,29.6,31.5,27.6,20.8,36.1,38.3,33.8
Asia,Bangladesh,BGD,2014,5.2,136,155,116,31.3,33.3,29.1,22.0,38.4,40.7,36.0
Asia,Bangladesh,BGD,2013,5.1,138,156,118,33.0,35.2,30.8,23.2,40.8,43.2,38.4
North America,Barbados,BRB,2016,10.6,100,129,74,12.0,13.0,10.8,8.3,12.9,14.1,11.7
North America,Barbados,BRB,2015,10.5,101,129,75,12.3,13.4,11.1,8.6,13.3,14.5,12.0
North America,Barbados,BRB,2014,10.5,101,128,75,12.6,13.7,11.4,8.8,13.6,14.8,12.3
North America,Barbados,BRB,2013,10.5,101,129,76,12.8,14.0,11.6,9.0,13.9,15.1,12.6
Europe,Belarus,BLR,2016,12.3,161,241,82,2.9,3.2,2.5,1.5,3.8,4.3,3.3
Europe,Belarus,BLR,2015,12.2,163,246,82,3.0,3.4,2.7,1.6,4.0,4.5,3.5
Europe,Belarus,BLR,2014,12.1,175,261,90,3.2,3.6,2.8,1.7,4.3,4.8,3.7
Europe,Belarus,BLR,2013,12.0,183,273,95,3.4,3.8,3.0,1.8,4.5,5.0,3.9
Europe,Belgium,BEL,2016,11.8,72,89,54,3.1,3.5,2.8,2.2,3.9,4.3,3.4
Europe,Belgium,BEL,2015,11.7,72,89,54,3.2,3.6,2.8,2.2,4.0,4.4,3.5
Europe,Belgium,BEL,2014,11.5,73,91,54,3.3,3.7,2.9,2.2,4.1,4.5,3.6
Europe,Belgium,BEL,2013,11.4,77,95,58,3.4,3.8,3.0,2.3,4.2,4.7,3.7
North America,Belize,BLZ,2016,10.5,179,225,132,12.5,13.7,11.3,9.6,14.5,15.8,13.1
North America,Belize,BLZ,2015,10.5,182,226,135,13.2,14.4,11.9,10.0,15.3,16.7,13.8
North America,Belize,BLZ,2014,10.5,183,226,137,13.9,15.2,12.5,10.3,16.1,17.6,14.6
North America,Belize,BLZ,2013,10.5,184,227,138,14.5,15.9,13.1,10.5,16.9,18.5,15.3
Africa,Benin,BEN,2016,3.6,242,265,220,63.2,68.9,57.1,32.2,97.6,103.7,91.4
Africa,Benin,BEN,2015,3.5,246,269,224,64.4,70.3,58.2,32.6,99.9,106.0,93.4
Africa,Benin,BEN,2014,3.3,248,272,226,65.7,71.6,59.5,33.1,102.1,108.3,95.6
Africa,Benin,BEN,2013,3.2,250,273,227,67.0,72.9,60.7,33.5,104.4,110.7,97.8
Asia,Bhutan,BTN,2016,3.1,207,205,209,26.5,28.9,24.0,17.7,32.0,34.8,29.1
Asia,Bhutan,BTN,2015,3.1,211,208,215,27.5,29.9,24.9,18.5,33.3,36.1,30.3
Asia,Bhutan,BTN,2014,3.1,215,211,220,28.6,31.1,25.9,19.3,34.7,37.7,31.6
Asia,Bhutan,BTN,2013,2.8,219,214,224,29.8,32.4,27.0,20.2,36.4,39.4,33.2
Europe,Bosnia and Herzegovina,BIH,2016,9.7,92,120,63,5.2,5.7,4.7,4.3,6.0,6.6,5.4
Europe,Bosnia and Herzegovina,BIH,2015,9.0,94,123,64,5.3,5.8,4.8,4.4,6.1,6.7,5.5
Europe,Bosnia and Herzegovina,BIH,2014,9.2,96,126,65,5.4,5.9,4.9,4.5,6.3,6.9,5.6
Europe,Bosnia and Herzegovina,BIH,2013,8.7,97,128,65,5.6,6.1,5.0,4.6,6.4,7.1,5.7
Africa,Botswana,BWA,2016,9.3,249,294,208,32.3,35.3,29.0,26.1,39.4,42.9,35.7
Africa,Botswana,BWA,2015,9.2,263,316,214,33.2,36.3,29.8,26.9,40.7,44.3,36.9
Africa,Botswana,BWA,2014,9.2,277,337,220,34.5,37.7,31.1,27.6,42.3,46.0,38.4
Africa,Botswana,BWA,2013,9.1,291,357,228,34.8,38.1,31.4,28.2,43.2,46.9,39.3
South America,Brazil,BRA,2016,7.8,143,194,91,14.6,16.2,12.9,9.6,16.3,18.1,14.5
South America,Brazil,BRA,2015,7.6,145,196,93,14.0,15.7,12.3,9.4,15.7,17.5,13.8
South America,Brazil,BRA,2014,7.4,145,196,93,14.5,16.2,12.7,9.7,16.2,18.1,14.2
South America,Brazil,BRA,2013,7.4,148,200,96,14.9,16.7,13.1,10.0,16.7,18.6,14.7
Europe,Bulgaria,BGR,2016,11.8,135,183,85,6.5,7.2,5.8,3.9,7.7,8.5,6.9
Europe,Bulgaria,BGR,2015,11.8,136,185,85,6.9,7.6,6.1,4.1,8.2,9.0,7.3
Europe,Bulgaria,BGR,2014,10.9,141,191,88,7.3,8.1,6.5,4.3,8.7,9.6,7.8
Europe,Bulgaria,BGR,2013,10.9,135,185,82,7.7,8.6,6.8,4.5,9.2,10.2,8.2
Africa,Burkina Faso,BFA,2016,1.5,255,273,239,51.9,56.3,47.3,25.8,83.0,87.3,78.6
Africa,Burkina Faso,BFA,2015,1.4,260,279,244,53.6,58.0,48.9,26.4,86.8,91.0,82.3
Africa,Burkina Faso,BFA,2014,1.4,264,284,248,55.4,60.0,50.6,27.1,91.0,95.2,86.4
Africa,Burkina Faso,BFA,2013,1.4,266,286,250,57.5,62.1,52.6,27.8,95.8,100.1,91.2
Africa,Burundi,BDI,2016,3.0,290,320,260,44.0,48.6,39.2,22.9,63.8,68.6,58.7
Africa,Burundi,BDI,2015,2.9,296,328,264,45.8,50.6,40.9,23.5,67.0,72.0,61.7
Africa,Burundi,BDI,2014,2.8,300,333,267,47.9,52.9,42.8,24.3,70.8,76.0,65.4
Africa,Burundi,BDI,2013,2.8,302,333,272,50.4,55.6,45.0,25.1,75.1,80.5,69.6
Asia,Cambodia,KHM,2016,4.7,170,205,140,26.2,29.3,22.9,15.7,30.5,33.9,26.8
Asia,Cambodia,KHM,2015,4.7,174,208,145,27.5,30.7,24.1,16.5,32.0,35.6,28.3
Asia,Cambodia,KHM,2014,4.7,178,212,149,28.9,32.3,25.4,17.4,33.7,37.4,29.8
Asia,Cambodia,KHM,2013,4.6,183,216,154,30.5,34.1,26.8,18.4,35.6,39.6,31.5
Africa,Cameroon,CMR,2016,6.3,341,362,321,54.0,58.9,48.8,27.6,82.3,87.5,76.7
Africa,Cameroon,CMR,2015,6.1,355,378,332,55.7,60.8,50.3,28.1,85.8,91.3,80.1
Africa,Cameroon,CMR,2014,6.0,358,384,332,57.9,63.3,52.4,28.6,89.8,95.5,83.9
Africa,Cameroon,CMR,2013,5.9,352,380,324,60.0,65.4,54.3,29.0,93.8,99.6,87.8
North America,Canada,CAN,2016,13.1,63,76,49,4.5,4.8,4.2,3.5,5.2,5.5,4.8
North America,Canada,CAN,2015,13.1,64,78,50,4.6,4.9,4.3,3.5,5.3,5.7,4.9
North America,Canada,CAN,2014,13.0,65,79,50,4.7,5.0,4.3,3.6,5.4,5.8,5.0
North America,Canada,CAN,2013,12.9,66,81,51,4.7,5.1,4.4,3.6,5.4,5.8,5.0
Africa,Central African Republic,CAF,2016,4.3,412,431,394,88.3,95.2,81.0,42.6,123.9,130.3,117.3
Africa,Central African Republic,CAF,2015,4.2,418,428,409,90.7,97.7,83.3,43.3,129.1,135.5,122.4
Africa,Central African Republic,CAF,2014,4.1,444,453,435,93.0,100.3,85.6,44.1,133.6,140.1,126.8
Africa,Central African Republic,CAF,2013,4.0,467,487,447,95.6,102.8,88.0,44.8,138.0,144.5,131.4
Africa,Chad,TCD,2016,2.3,360,381,338,74.8,81.3,67.9,35.4,126.6,133.5,119.4
Africa,Chad,TCD,2015,2.3,367,390,344,76.5,83.2,69.4,36.0,130.5,137.4,123.1
Africa,Chad,TCD,2014,2.2,374,399,350,78.1,84.9,70.9,36.6,134.1,141.3,126.6
Africa,Chad,TCD,2013,2.1,370,390,350,79.8,86.7,72.5,37.1,137.9,145.1,130.2
South America,Chile,CHL,2016,10.3,87,114,60,6.5,7.1,6.0,5.2,7.7,8.3,7.0
South America,Chile,CHL,2015,10.3,88,115,60,6.7,7.3,6.1,5.3,7.9,8.6,7.2
South America,Chile,CHL,2014,10.1,88,116,60,6.9,7.5,6.3,5.3,8.1,8.8,7.4
South America,Chile,CHL,2013,9.9,90,117,62,7.1,7.6,6.4,5.4,8.3,9.0,7.5
Asia,China,CHN,2016,7.8,80,93,67,8.5,9.1,8.0,5.0,9.9,10.6,9.3
Asia,China,CHN,2015,7.7,82,94,68,9.2,9.8,8.6,5.5,10.7,11.4,10.0
Asia,China,CHN,2014,7.6,83,95,69,10.0,10.6,9.3,5.9,11.6,12.3,10.8
Asia,China,CHN,2013,7.5,84,97,70,10.8,11.5,10.0,6.4,12.5,13.3,11.6
South America,Colombia,COL,2016,8.3,137,182,92,13.1,14.5,11.5,8.3,15.2,16.8,13.5
South America,Colombia,COL,2015,8.1,138,183,92,13.5,15.0,11.9,8.6,15.7,17.4,13.9
South America,Colombia,COL,2014,8.0,139,185,92,13.9,15.5,12.3,8.8,16.2,18.0,14.4
South America,Colombia,COL,2013,7.8,139,185,93,14.4,16.0,12.7,9.1,16.8,18.6,14.8
Africa,Comoros,COM,2016,4.8,225,250,199,54.4,59.3,49.2,32.9,72.3,77.9,66.5
Africa,Comoros,COM,2015,4.8,227,252,202,56.0,60.9,50.6,33.6,74.9,80.3,68.9
Africa,Comoros,COM,2014,4.8,230,255,205,57.4,62.5,52.0,34.3,77.1,82.8,71.1
Africa,Comoros,COM,2013,4.7,233,258,208,58.9,64.0,53.6,35.1,79.5,85.2,73.5
Africa,Congo,COG,2016,6.3,261,281,239,38.0,41.7,34.0,21.0,53.3,57.5,48.8
Africa,Congo,COG,2015,6.3,275,294,256,38.9,42.6,34.9,21.4,54.9,59.0,50.4
Africa,Congo,COG,2014,6.3,279,299,258,39.8,43.6,35.8,21.8,56.4,60.7,51.9
Africa,Congo,COG,2013,6.3,278,302,254,40.7,44.5,36.6,22.0,57.9,62.3,53.3
North America,Costa Rica,CRI,2016,8.8,97,126,66,7.7,8.3,7.1,6.0,8.9,9.7,8.2
North America,Costa Rica,CRI,2015,8.8,97,127,67,7.8,8.5,7.1,6.1,9.1,9.8,8.3
North America,Costa Rica,CRI,2014,8.6,95,125,65,8.0,8.6,7.3,6.2,9.2,10.0,8.4
North America,Costa Rica,CRI,2013,8.5,97,126,68,8.2,8.8,7.4,6.3,9.5,10.3,8.6
Europe,Croatia,HRV,2016,11.3,88,124,51,4.1,4.4,3.8,2.9,4.8,5.2,4.4
Europe,Croatia,HRV,2015,11.2,96,132,59,4.2,4.5,3.8,3.1,4.9,5.3,4.5
Europe,Croatia,HRV,2014,11.1,94,130,57,4.2,4.6,3.9,3.2,5.0,5.4,4.5
Europe,Croatia,HRV,2013,11.0,96,132,59,4.3,4.6,4.0,3.2,5.1,5.5,4.6
North America,Cuba,CUB,2016,11.6,92,116,68,3.9,4.4,3.5,2.2,5.2,5.8,4.7
North America,Cuba,CUB,2015,11.4,94,118,70,4.1,4.5,3.6,2.3,5.4,5.9,4.8
North America,Cuba,CUB,2014,11.2,95,119,71,4.2,4.6,3.7,2.4,5.5,6.1,4.9
North America,Cuba,CUB,2013,11.0,96,118,72,4.3,4.8,3.8,2.5,5.7,6.2,5.1
Asia,Cyprus,CYP,2016,12.1,55,73,37,2.1,2.2,1.9,1.5,2.6,2.8,2.4
Asia,Cyprus,CYP,2015,11.9,57,75,38,2.2,2.3,2.0,1.6,2.7,2.9,2.5
Asia,Cyprus,CYP,2014,11.9,61,79,44,2.3,2.5,2.1,1.7,2.9,3.1,2.6
Asia,Cyprus,CYP,2013,12.0,58,81,35,2.4,2.6,2.2,1.7,3.0,3.3,2.8
Europe,Czechia,CZE,2016,12.7,81,108,53,2.6,2.9,2.2,1.6,3.2,3.6,2.8
Europe,Czechia,CZE,2015,12.7,83,112,53,2.5,2.8,2.2,1.6,3.1,3.5,2.8
Europe,Czechia,CZE,2014,12.8,85,115,53,2.5,2.8,2.2,1.6,3.1,3.5,2.7
Europe,Czechia,CZE,2013,12.6,89,121,57,2.5,2.8,2.2,1.6,3.1,3.5,2.7
Europe,Denmark,DNK,2016,12.6,65,81,49,3.6,3.9,3.3,3.1,4.3,4.6,3.9
Europe,Denmark,DNK,2015,12.5,66,81,51,3.6,3.9,3.3,3.1,4.2,4.6,3.8
Europe,Denmark,DNK,2014,12.8,68,85,51,3.5,3.8,3.2,3.1,4.2,4.5,3.8
Europe,Denmark,DNK,2013,13.2,72,89,54,3.5,3.8,3.2,3.0,4.1,4.5,3.7
Africa,Djibouti,DJI,2016,4.1,245,266,222,52.6,57.1,47.9,33.2,63.2,68.4,57.8
Africa,Djibouti,DJI,2015,4.1,248,271,223,54.2,58.8,49.5,33.9,65.3,70.5,59.9
Africa,Djibouti,DJI,2014,4.1,256,280,230,55.8,60.5,50.9,34.8,67.4,72.8,61.9
Africa,Djibouti,DJI,2013,4.0,255,276,232,57.4,62.3,52.5,35.5,69.6,75.1,64.0
North America,Dominican Republic,DOM,2016,7.8,160,202,117,25.4,27.8,22.9,20.6,30.6,33.3,27.6
North America,Dominican Republic,DOM,2015,7.8,163,205,120,26.0,28.4,23.5,21.1,31.3,34.2,28.3
North America,Dominican Republic,DOM,2014,7.8,166,209,123,26.6,29.0,24.0,21.7,32.1,35.0,29.0
North America,Dominican Republic,DOM,2013,7.6,168,212,124,27.1,29.6,24.5,22.1,32.7,35.7,29.7
South America,Ecuador,ECU,2016,8.7,114,142,86,12.7,14.2,11.1,7.7,14.8,16.4,13.1
South America,Ecuador,ECU,2015,8.4,117,146,88,13.0,14.6,11.4,7.9,15.1,16.8,13.4
South America,Ecuador,ECU,2014,8.5,119,149,89,13.4,15.0,11.7,8.1,15.6,17.3,13.8
South America,Ecuador,ECU,2013,8.3,122,152,91,13.8,15.5,12.1,8.3,16.1,17.9,14.2
Africa,Egypt,EGY,2016,7.2,165,205,121,19.4,20.6,18.0,12.0,22.8,24.0,21.4
Africa,Egypt,EGY,2015,7.1,166,205,124,20.0,21.3,18.7,12.5,23.6,25.0,22.2
Africa,Egypt,EGY,2014,7.0,165,205,122,20.8,22.1,19.4,13.0,24.6,25.9,23.1
Africa,Egypt,EGY,2013,6.9,167,210,122,21.5,22.9,20.1,13.5,25.5,26.9,24.1
North America,El Salvador,SLV,2016,6.9,177,261,103,12.7,14.0,11.3,7.2,14.7,16.2,13.1
North America,El Salvador,SLV,2015,6.6,180,265,104,13.2,14.5,11.8,7.5,15.3,16.9,13.7
North America,El Salvador,SLV,2014,6.5,182,269,105,13.7,15.1,12.2,7.8,16.0,17.6,14.2
North America,El Salvador,SLV,2013,6.6,184,271,107,14.3,15.8,12.8,8.1,16.7,18.4,14.9
Africa,Equatorial Guinea,GNQ,2016,5.5,305,338,259,66.2,72.2,60.0,31.2,90.9,97.2,84.4
Africa,Equatorial Guinea,GNQ,2015,5.5,301,336,253,68.3,74.2,62.0,31.8,94.2,100.4,87.5
Africa,Equatorial Guinea,GNQ,2014,5.5,307,340,263,70.4,76.4,63.8,32.5,97.5,103.9,90.7
Africa,Equatorial Guinea,GNQ,2013,5.5,327,349,300,72.4,78.7,65.7,33.2,100.7,107.2,93.9
Africa,Eritrea,ERI,2016,3.9,252,289,215,33.1,37.8,28.2,19.2,44.9,50.3,39.2
Africa,Eritrea,ERI,2015,3.9,258,296,220,34.1,38.9,29.0,19.6,46.6,52.1,40.7
Africa,Eritrea,ERI,2014,3.9,265,302,227,35.0,40.0,29.9,20.0,48.1,53.7,42.1
Africa,Eritrea,ERI,2013,3.9,271,308,234,36.0,41.1,30.7,20.5,49.8,55.7,43.7
Europe,Estonia,EST,2016,12.6,119,172,65,2.3,2.6,2.1,1.4,3.0,3.3,2.7
Europe,Estonia,EST,2015,12.7,116,169,63,2.5,2.7,2.2,1.4,3.2,3.5,2.9
Europe,Estonia,EST,2014,12.6,124,183,65,2.7,2.9,2.4,1.5,3.4,3.7,3.1
Europe,Estonia,EST,2013,12.6,122,176,68,2.9,3.1,2.6,1.7,3.6,4.0,3.3
Africa,Eswatini,SWZ,2016,6.5,393,464,338,46.3,51.1,41.4,18.0,61.7,66.9,56.4
Africa,Eswatini,SWZ,2015,6.5,398,468,344,47.9,52.8,42.7,18.3,62.9,68.1,57.3
Africa,Eswatini,SWZ,2014,6.5,408,479,351,52.8,58.0,47.1,18.7,67.2,72.8,61.2
Africa,Eswatini,SWZ,2013,6.3,421,495,360,54.0,59.3,48.3,19.0,69.4,75.0,63.4
Africa,Ethiopia,ETH,2016,2.7,219,246,194,42.1,47.7,36.2,29.7,60.4,66.6,53.9
Africa,Ethiopia,ETH,2015,2.6,225,250,200,43.8,49.7,37.7,30.7,63.5,69.8,56.7
Africa,Ethiopia,ETH,2014,2.5,230,255,206,45.7,51.8,39.3,31.8,66.8,73.5,59.8
Africa,Ethiopia,ETH,2013,2.5,234,260,210,47.8,54.1,41.1,33.0,70.5,77.4,63.2
Oceania,Fiji,FJI,2016,10.8,186,233,136,21.1,22.9,19.2,10.4,25.0,27.1,22.8
Oceania,Fiji,FJI,2015,10.8,188,234,138,20.8,22.6,19.0,10.1,24.6,26.6,22.4
Oceania,Fiji,FJI,2014,10.5,190,236,140,20.6,22.3,18.7,9.9,24.3,26.3,22.2
Oceania,Fiji,FJI,2013,10.3,192,238,142,20.4,22.1,18.6,9.8,24.1,26.0,22.0
Europe,Finland,FIN,2016,12.4,70,95,44,1.6,1.8,1.5,1.1,2.0,2.2,1.8
Europe,Finland,FIN,2015,12.4,70,94,44,1.8,1.9,1.6,1.2,2.2,2.4,2.0
Europe,Finland,FIN,2014,12.4,73,100,45,1.9,2.1,1.8,1.3,2.4,2.6,2.1
Europe,Finland,FIN,2013,12.3,78,105,49,2.1,2.3,1.9,1.4,2.6,2.8,2.3
Europe,France,FRA,2016,11.5,71,94,48,3.4,3.7,3.1,2.5,4.1,4.5,3.7
Europe,France,FRA,2015,11.5,73,97,49,3.4,3.7,3.1,2.5,4.1,4.5,3.7
Europe,France,FRA,2014,11.4,74,99,50,3.4,3.8,3.1,2.4,4.1,4.5,3.7
Europe,France,FRA,2013,11.2,77,104,51,3.5,3.8,3.1,2.3,4.2,4.6,3.7
Africa,Gabon,GAB,2016,8.2,221,239,201,34.8,38.7,30.6,22.0,48.1,52.6,43.4
Africa,Gabon,GAB,2015,8.1,228,246,209,36.3,40.3,32.0,22.5,51.0,55.6,46.2
Africa,Gabon,GAB,2014,8.1,235,253,215,37.4,41.7,33.0,23.1,53.5,58.1,48.5
Africa,Gabon,GAB,2013,8.1,251,263,239,38.3,42.6,33.7,23.5,55.7,60.4,50.7
Africa,Gambia,GMB,2016,3.4,262,290,235,40.9,44.9,36.7,27.5,62.6,67.1,57.7
Africa,Gambia,GMB,2015,3.4,265,292,238,41.9,45.9,37.6,28.1,64.7,69.2,59.8
Africa,Gambia,GMB,2014,3.3,267,294,240,42.9,47.0,38.5,28.7,67.0,71.6,62.0
Africa,Gambia,GMB,2013,3.2,266,295,238,43.9,48.2,39.5,29.3,69.3,74.1,64.2
Asia,Georgia,GEO,2016,12.8,160,238,83,9.1,10.2,8.0,6.4,10.2,11.4,9.0
Asia,Georgia,GEO,2015,12.7,156,232,82,9.4,10.4,8.2,6.8,10.5,11.7,9.3
Asia,Georgia,GEO,2014,12.6,155,231,81,9.7,10.8,8.5,7.3,10.9,12.1,9.6
Asia,Georgia,GEO,2013,12.6,158,236,82,10.2,11.4,8.9,7.9,11.4,12.7,10.0
Europe,Germany,DEU,2016,14.1,69,88,49,3.2,3.5,2.9,2.2,3.8,4.1,3.5
Europe,Germany,DEU,2015,14.1,71,92,50,3.2,3.5,3.0,2.3,3.9,4.2,3.5
Europe,Germany,DEU,2014,14.0,70,90,49,3.3,3.5,3.0,2.3,3.9,4.2,3.6
Europe,Germany,DEU,2013,14.0,73,93,51,3.3,3.6,3.0,2.3,4.0,4.3,3.6
Africa,Ghana,GHA,2016,7.1,241,262,222,37.4,41.3,33.4,25.3,52.3,57.1,47.2
Africa,Ghana,GHA,2015,6.9,245,265,227,38.9,42.8,34.7,26.1,54.7,59.7,49.5
Africa,Ghana,GHA,2014,6.9,248,268,229,40.4,44.5,36.0,26.8,57.4,62.4,52.0
Africa,Ghana,GHA,2013,6.9,250,270,231,42.0,46.2,37.5,27.6,60.2,65.4,54.7
Europe,Greece,GRC,2016,10.8,66,90,42,3.8,4.1,3.5,2.6,4.7,5.0,4.3
Europe,Greece,GRC,2015,10.6,68,92,42,3.8,4.1,3.5,2.6,4.6,4.9,4.2
Europe,Greece,GRC,2014,10.5,67,92,42,3.6,3.9,3.4,2.6,4.4,4.7,4.1
Europe,Greece,GRC,2013,10.4,68,93,43,3.5,3.8,3.2,2.5,4.2,4.5,3.9
North America,Grenada,GRD,2016,8.7,140,183,96,13.7,14.8,12.5,9.9,15.2,16.5,13.9
North America,Grenada,GRD,2015,8.7,141,184,97,13.5,14.6,12.3,9.7,15.0,16.3,13.7
North America,Grenada,GRD,2014,8.6,143,186,98,13.3,14.4,12.1,9.4,14.9,16.1,13.5
North America,Grenada,GRD,2013,8.5,145,188,100,13.1,14.2,11.9,9.1,14.7,15.9,13.4
North America,Guatemala,GTM,2016,6.5,162,208,119,23.5,26.0,20.8,13.1,28.0,30.8,25.1
North America,Guatemala,GTM,2015,6.3,165,213,120,24.3,26.9,21.5,13.6,29.0,31.9,26.0
North America,Guatemala,GTM,2014,6.4,169,218,124,25.1,27.8,22.3,14.1,30.1,33.1,27.0
North America,Guatemala,GTM,2013,4.7,172,226,123,25.9,28.7,23.0,14.6,31.2,34.3,28.0
Africa,Guinea,GIN,2016,2.6,262,273,251,67.5,72.7,62.0,32.1,105.3,109.9,100.4
Africa,Guinea,GIN,2015,2.6,277,289,265,68.5,73.8,63.0,32.5,107.2,111.9,102.3
Africa,Guinea,GIN,2014,2.6,290,301,278,69.6,74.9,64.1,33.1,109.0,113.7,104.2
Africa,Guinea,GIN,2013,2.6,275,287,264,70.6,76.0,65.1,33.6,110.9,115.5,106.0
Africa,Guinea-Bissau,GNB,2016,3.0,269,297,242,57.5,63.2,51.4,38.3,87.7,93.9,81.1
Africa,Guinea-Bissau,GNB,2015,2.9,278,306,252,59.5,65.3,53.2,39.2,91.2,97.6,84.2
Africa,Guinea-Bissau,GNB,2014,2.9,282,309,257,61.6,67.5,55.2,40.1,94.8,101.4,87.7
Africa,Guinea-Bissau,GNB,2013,2.8,281,306,258,63.8,70.0,57.2,41.3,98.7,105.5,91.5
South America,Guyana,GUY,2016,8.4,264,313,210,26.6,30.0,23.0,19.4,32.1,36.1,27.9
South America,Guyana,GUY,2015,8.4,264,313,211,27.4,30.9,23.7,20.0,33.1,37.2,28.7
South America,Guyana,GUY,2014,8.4,264,312,212,28.1,31.7,24.3,20.6,34.1,38.3,29.6
South America,Guyana,GUY,2013,8.3,263,311,212,28.8,32.5,24.9,21.1,35.0,39.3,30.4
North America,Haiti,HTI,2016,5.2,243,276,211,52.1,57.1,46.6,27.0,68.7,74.3,62.7
North America,Haiti,HTI,2015,5.2,245,277,213,53.3,58.5,47.8,27.4,70.6,76.4,64.6
North America,Haiti,HTI,2014,5.1,248,281,215,54.5,59.8,48.9,27.8,72.6,78.3,66.5
North America,Haiti,HTI,2013,5.0,253,285,221,55.7,61.1,50.0,28.1,74.4,80.3,68.2
North America,Honduras,HND,2016,6.5,145,172,119,16.1,17.9,14.2,10.3,18.8,20.8,16.7
North America,Honduras,HND,2015,6.3,147,173,121,16.7,18.5,14.7,10.7,19.5,21.6,17.3
North America,Honduras,HND,2014,6.2,148,174,122,17.3,19.2,15.2,11.1,20.2,22.4,17.9
North America,Honduras,HND,2013,5.8,149,176,123,17.9,19.9,15.8,11.5,21.0,23.2,18.6
Europe,Hungary,HUN,2016,11.9,126,173,79,4.1,4.4,3.7,2.6,4.8,5.2,4.4
Europe,Hungary,HUN,2015,11.8,132,179,86,4.3,4.6,4.0,2.7,5.1,5.5,4.7
Europe,Hungary,HUN,2014,11.8,133,183,85,4.5,4.9,4.2,2.9,5.4,5.8,5.0
Europe,Hungary,HUN,2013,12.0,136,186,87,4.7,5.1,4.3,3.0,5.6,6.0,5.1
Europe,Iceland,ISL,2016,12.4,55,67,42,1.6,1.8,1.5,1.0,2.1,2.3,1.9
Europe,Iceland,ISL,2015,12.2,54,68,40,1.7,1.8,1.5,1.1,2.2,2.4,2.0
Europe,Iceland,ISL,2014,12.2,55,67,42,1.8,1.9,1.6,1.1,2.3,2.4,2.1
Europe,Iceland,ISL,2013,11.9,53,68,38,1.8,2.0,1.7,1.2,2.3,2.5,2.1
Asia,India,IND,2016,6.4,178,214,138,33.2,33.1,33.3,24.8,41.1,39.9,42.2
Asia,India,IND,2015,6.3,181,217,141,35.0,34.8,35.2,25.9,43.6,42.2,45.0
Asia,India,IND,2014,6.1,183,219,143,36.9,36.6,37.2,27.1,46.3,44.6,48.0
Asia,India,IND,2013,5.8,186,221,147,38.9,38.4,39.3,28.3,49.1,47.2,51.1
Asia,Indonesia,IDN,2016,8.0,176,205,146,22.6,25.1,20.0,13.7,26.9,29.7,23.9
Asia,Indonesia,IDN,2015,7.9,178,206,148,23.5,26.0,20.8,14.3,28.0,30.9,24.9
Asia,Indonesia,IDN,2014,7.8,180,208,150,24.3,27.0,21.5,14.9,29.1,32.1,25.9
Asia,Indonesia,IDN,2013,7.8,181,209,152,25.3,28.0,22.4,15.6,30.3,33.4,27.0
Asia,Iraq,IRQ,2016,6.7,174,213,133,23.9,26.2,21.5,16.3,28.5,31.2,25.7
Asia,Iraq,IRQ,2015,6.6,180,223,138,24.6,27.0,22.2,16.9,29.5,32.2,26.6
Asia,Iraq,IRQ,2014,6.6,192,238,144,25.4,27.8,22.9,17.4,30.5,33.3,27.5
Asia,Iraq,IRQ,2013,6.6,162,197,127,26.2,28.6,23.6,18.0,31.5,34.5,28.5
Europe,Ireland,IRL,2016,12.5,62,78,47,3.2,3.5,2.9,2.4,3.8,4.1,3.4
Europe,Ireland,IRL,2015,12.3,63,78,47,3.3,3.6,3.0,2.4,3.8,4.2,3.5
Europe,Ireland,IRL,2014,12.3,62,78,46,3.3,3.6,3.0,2.4,3.9,4.2,3.5
Europe,Ireland,IRL,2013,11.8,64,80,47,3.3,3.6,3.0,2.4,3.9,4.3,3.5
Asia,Israel,ISR,2016,13.0,58,75,41,3.1,3.3,2.8,2.0,3.8,4.1,3.6
Asia,Israel,ISR,2015,13.0,58,75,41,3.1,3.3,2.9,2.1,3.9,4.2,3.6
Asia,Israel,ISR,2014,12.9,58,74,42,3.2,3.4,3.0,2.1,4.0,4.3,3.7
Asia,Israel,ISR,2013,12.8,59,76,42,3.3,3.5,3.1,2.2,4.1,4.4,3.8
Europe,Italy,ITA,2016,10.2,54,68,39,2.8,3.0,2.6,2.1,3.3,3.6,3.0
Europe,Italy,ITA,2015,10.2,55,70,40,2.9,3.2,2.7,2.1,3.4,3.7,3.1
Europe,Italy,ITA,2014,10.1,54,68,39,3.0,3.3,2.8,2.2,3.6,3.8,3.3
Europe,Italy,ITA,2013,10.3,56,71,40,3.1,3.4,2.9,2.2,3.7,4.0,3.4
North America,Jamaica,JAM,2016,9.8,131,165,98,13.2,14.8,11.6,11.0,15.4,17.2,13.5
North America,Jamaica,JAM,2015,9.6,133,167,97,13.7,15.3,12.0,11.3,15.9,17.8,13.9
North America,Jamaica,JAM,2014,9.6,132,166,97,14.1,15.7,12.3,11.7,16.4,18.3,14.3
North America,Jamaica,JAM,2013,9.4,135,166,103,14.5,16.2,12.7,12.1,16.9,18.9,14.8
Asia,Japan,JPN,2016,12.7,51,65,36,1.9,2.0,1.8,0.9,2.7,2.8,2.5
Asia,Japan,JPN,2015,12.5,53,68,36,2.1,2.1,2.0,0.9,3.0,3.2,2.9
Asia,Japan,JPN,2014,12.5,54,70,38,2.1,2.2,2.0,0.9,2.8,3.0,2.7
Asia,Japan,JPN,2013,12.2,56,73,38,2.1,2.2,2.0,1.0,2.9,3.1,2.7
Asia,Jordan,JOR,2016,10.4,111,128,92,14.8,16.1,13.4,10.1,17.2,18.7,15.6
Asia,Jordan,JOR,2015,10.3,111,129,93,15.2,16.5,13.8,10.4,17.7,19.2,16.1
Asia,Jordan,JOR,2014,10.1,113,130,95,15.6,17.0,14.1,10.7,18.2,19.8,16.5
Asia,Jordan,JOR,2013,9.9,113,131,96,16.0,17.5,14.5,11.0,18.7,20.3,17.0
Asia,Kazakhstan,KAZ,2016,11.7,181,256,108,9.8,11.1,8.5,5.5,11.0,12.5,9.6
Asia,Kazakhstan,KAZ,2015,11.7,192,272,114,10.6,12.1,9.1,5.7,11.9,13.5,10.3
Asia,Kazakhstan,KAZ,2014,11.7,199,280,119,11.7,13.3,10.0,6.2,13.1,14.8,11.3
Asia,Kazakhstan,KAZ,2013,11.6,211,299,122,13.0,14.8,11.1,7.2,14.5,16.4,12.5
Africa,Kenya,KEN,2016,6.4,219,256,184,32.4,35.7,29.0,20.4,44.4,48.3,40.4
Africa,Kenya,KEN,2015,6.3,232,272,192,33.3,36.6,29.9,20.8,46.3,50.1,42.2
Africa,Kenya,KEN,2014,6.3,239,280,198,34.7,38.1,31.1,21.2,48.2,52.1,44.0
Africa,Kenya,KEN,2013,6.3,241,282,202,35.8,39.3,32.2,21.6,50.1,54.1,45.8
Oceania,Kiribati,KIR,2016,7.9,197,240,156,43.5,47.7,39.0,23.8,55.8,60.5,50.9
Oceania,Kiribati,KIR,2015,7.9,199,242,159,44.6,48.9,40.1,24.1,57.5,62.3,52.4
Oceania,Kiribati,KIR,2014,7.9,201,244,161,45.6,50.1,41.0,24.5,59.0,63.9,53.9
Oceania,Kiribati,KIR,2013,7.9,203,246,163,46.7,51.3,41.9,25.0,60.6,65.6,55.3
Asia,Kuwait,KWT,2016,7.2,79,93,57,7.1,7.7,6.5,4.7,8.3,9.0,7.6
Asia,Kuwait,KWT,2015,7.1,80,95,58,7.3,7.9,6.7,4.8,8.6,9.3,7.8
Asia,Kuwait,KWT,2014,6.9,81,95,59,7.6,8.2,6.9,4.9,8.9,9.6,8.1
Asia,Kuwait,KWT,2013,6.7,82,96,60,7.9,8.5,7.2,5.1,9.2,10.0,8.4
Asia,Kyrgyzstan,KGZ,2016,10.9,162,224,100,18.9,21.0,16.6,14.6,21.1,23.5,18.7
Asia,Kyrgyzstan,KGZ,2015,10.8,167,229,106,19.9,22.2,17.6,15.2,22.3,24.8,19.8
Asia,Kyrgyzstan,KGZ,2014,10.8,175,243,106,20.9,23.3,18.5,15.6,23.5,26.2,20.8
Asia,Kyrgyzstan,KGZ,2013,10.7,183,254,112,22.0,24.4,19.4,15.8,24.7,27.5,21.9
Europe,Latvia,LVA,2016,12.8,154,225,84,3.9,4.1,3.6,2.4,4.5,4.9,4.2
Europe,Latvia,LVA,2015,12.8,154,227,83,4.2,4.5,3.9,2.6,5.0,5.4,4.6
Europe,Latvia,LVA,2014,12.9,159,234,86,4.6,5.0,4.3,2.9,5.5,5.9,5.0
Europe,Latvia,LVA,2013,12.7,164,239,92,5.1,5.4,4.7,3.2,6.0,6.5,5.5
Asia,Lebanon,LBN,2016,8.6,96,105,83,6.8,7.1,6.6,4.6,8.0,8.4,7.6
Asia,Lebanon,LBN,2015,8.5,98,110,85,7.1,7.4,6.8,4.8,8.3,8.7,7.9
Asia,Lebanon,LBN,2014,8.4,99,111,85,7.4,7.7,7.1,5.0,8.6,9.0,8.2
Asia,Lebanon,LBN,2013,8.3,98,109,85,7.7,8.0,7.3,5.2,9.0,9.4,8.5
Africa,Lesotho,LSO,2016,6.3,483,536,445,70.3,76.8,63.3,36.1,87.4,94.4,79.8
Africa,Lesotho,LSO,2015,6.1,498,553,459,71.2,77.8,64.1,36.8,92.5,99.7,84.8
Africa,Lesotho,LSO,2014,6.1,495,549,455,71.3,78.0,64.2,37.3,93.0,100.3,85.4
Africa,Lesotho,LSO,2013,6.0,487,540,449,73.0,79.8,65.8,37.7,94.7,102.0,86.9
Africa,Liberia,LBR,2016,4.5,230,249,212,56.7,61.9,51.3,25.5,76.1,81.8,70.0
Africa,Liberia,LBR,2015,4.4,241,264,218,58.5,63.8,53.0,26.1,78.9,84.8,72.8
Africa,Liberia,LBR,2014,4.4,310,337,284,60.5,65.9,54.8,26.7,81.9,87.9,75.7
Africa,Liberia,LBR,2013,4.4,236,253,221,62.5,68.1,56.7,27.3,85.1,91.2,78.8
Africa,Libya,LBY,2016,7.3,150,196,103,11.0,12.2,9.7,6.8,12.8,14.1,11.5
Africa,Libya,LBY,2015,7.3,147,191,101,11.4,12.7,10.1,7.1,13.3,14.7,11.9
Africa,Libya,LBY,2014,7.3,137,175,98,11.9,13.2,10.5,7.4,13.9,15.3,12.4
Africa,Libya,LBY,2013,7.3,126,158,94,12.4,13.7,10.9,7.7,14.5,15.9,12.9
Europe,Lithuania,LTU,2016,13.0,155,231,79,3.8,4.1,3.5,2.3,4.7,5.1,4.3
Europe,Lithuania,LTU,2015,13.0,165,247,85,4.0,4.3,3.6,2.3,4.9,5.3,4.5
Europe,Lithuania,LTU,2014,13.0,167,250,85,4.0,4.3,3.7,2.4,5.0,5.4,4.6
Europe,Lithuania,LTU,2013,11.9,179,267,91,4.1,4.4,3.7,2.4,5.1,5.5,4.6
Europe,Luxembourg,LUX,2016,12.1,56,71,38,2.1,2.2,1.9,1.5,2.6,2.8,2.3
Europe,Luxembourg,LUX,2015,12.0,52,69,33,2.1,2.3,1.9,1.5,2.6,2.9,2.4
Europe,Luxembourg,LUX,2014,12.0,55,69,39,2.2,2.3,2.0,1.5,2.7,2.9,2.5
Europe,Luxembourg,LUX,2013,11.8,60,76,43,2.2,2.4,2.0,1.6,2.8,3.0,2.5
Africa,Madagascar,MDG,2016,6.1,216,241,191,39.9,43.9,35.9,21.3,56.6,61.2,51.8
Africa,Madagascar,MDG,2015,6.1,220,245,195,40.8,44.8,36.6,21.6,58.1,62.7,53.3
Africa,Madagascar,MDG,2014,6.1,225,250,200,41.6,45.7,37.4,22.0,59.6,64.2,54.8
Africa,Madagascar,MDG,2013,6.1,230,254,205,42.6,46.7,38.3,22.3,61.2,66.0,56.2
Africa,Malawi,MWI,2016,4.5,255,312,203,38.3,42.4,34.1,23.8,55.7,60.7,50.4
Africa,Malawi,MWI,2015,4.4,266,323,215,40.3,44.4,35.9,24.5,59.2,64.3,53.8
Africa,Malawi,MWI,2014,4.4,279,337,228,42.3,46.6,37.8,25.4,63.0,68.4,57.4
Africa,Malawi,MWI,2013,4.4,298,356,247,45.2,49.8,40.4,26.3,68.6,74.2,62.7
Asia,Malaysia,MYS,2016,10.2,123,156,86,6.8,7.4,6.2,4.3,8.0,8.6,7.3
Asia,Malaysia,MYS,2015,10.2,126,160,87,6.8,7.4,6.2,4.2,8.0,8.7,7.3
Asia,Malaysia,MYS,2014,10.1,128,163,89,6.8,7.5,6.2,4.1,8.0,8.7,7.3
Asia,Malaysia,MYS,2013,10.1,129,164,89,6.8,7.5,6.2,4.0,8.0,8.7,7.3
Asia,Maldives,MDV,2016,6.3,53,63,39,8.1,8.9,7.3,5.3,9.5,10.4,8.5
Asia,Maldives,MDV,2015,6.3,54,65,41,8.6,9.5,7.6,5.6,10.0,11.0,8.9
Asia,Maldives,MDV,2014,6.2,57,68,43,9.1,10.0,8.1,5.9,10.6,11.6,9.5
Asia,Maldives,MDV,2013,5.7,59,71,45,9.7,10.7,8.6,6.3,11.3,12.4,10.1
Africa,Mali,MLI,2016,2.3,270,279,261,65.4,70.8,59.6,34.1,105.1,110.4,99.5
Africa,Mali,MLI,2015,2.3,277,288,269,67.2,72.8,61.3,34.8,109.1,114.5,103.4
Africa,Mali,MLI,2014,2.3,281,292,271,69.1,74.8,63.1,35.6,113.2,118.8,107.4
Africa,Mali,MLI,2013,2.2,284,298,272,71.0,76.9,64.9,36.4,117.6,123.3,111.7
Europe,Malta,MLT,2016,11.3,55,71,38,6.1,6.6,5.6,4.7,7.0,7.6,6.4
Europe,Malta,MLT,2015,11.2,55,70,39,6.1,6.6,5.5,4.7,7.0,7.6,6.4
Europe,Malta,MLT,2014,11.1,53,69,36,6.0,6.5,5.5,4.7,6.9,7.5,6.3
Europe,Malta,MLT,2013,11.0,57,73,40,6.0,6.5,5.5,4.6,6.9,7.5,6.3
Africa,Mauritania,MRT,2016,4.4,202,224,181,54.1,59.5,48.2,34.8,80.7,86.7,74.3
Africa,Mauritania,MRT,2015,4.3,204,226,182,55.4,61.0,49.4,35.5,83.5,89.6,76.9
Africa,Mauritania,MRT,2014,4.3,206,227,184,56.7,62.6,50.6,36.3,86.2,92.6,79.7
Africa,Mauritania,MRT,2013,4.1,207,229,186,58.1,64.1,51.7,37.1,89.0,95.4,82.1
Africa,Mauritius,MUS,2016,9.3,145,194,94,12.6,13.9,11.2,8.5,14.4,15.8,12.9
Africa,Mauritius,MUS,2015,9.1,148,195,98,12.5,13.9,11.2,8.5,14.3,15.7,12.9
Africa,Mauritius,MUS,2014,9.1,148,194,99,12.6,14.0,11.2,8.6,14.4,15.9,13.0
Africa,Mauritius,MUS,2013,8.9,145,193,95,12.8,14.1,11.3,8.7,14.6,16.1,13.1
North America,Mexico,MEX,2016,8.6,127,164,89,12.2,13.4,10.9,7.6,14.1,15.5,12.7
North America,Mexico,MEX,2015,8.6,128,167,90,12.7,14.0,11.4,7.6,14.8,16.2,13.3
North America,Mexico,MEX,2014,8.4,129,167,91,13.2,14.6,11.8,7.6,15.4,16.9,13.8
North America,Mexico,MEX,2013,8.4,127,165,89,13.7,15.1,12.3,7.8,15.9,17.4,14.3
Asia,Mongolia,MNG,2016,10.1,211,294,127,15.2,18.2,12.1,9.5,17.7,21.0,14.3
Asia,Mongolia,MNG,2015,10.1,213,296,129,15.9,19.0,12.6,10.0,18.6,22.0,15.0
Asia,Mongolia,MNG,2014,10.1,215,298,131,16.7,20.0,13.2,10.5,19.5,23.1,15.8
Asia,Mongolia,MNG,2013,10.0,218,301,134,17.7,21.2,14.0,11.1,20.7,24.6,16.7
Europe,Montenegro,MNE,2016,11.3,99,131,67,2.8,2.9,2.6,2.0,3.1,3.2,2.9
Europe,Montenegro,MNE,2015,11.3,101,133,68,3.1,3.3,2.9,2.3,3.5,3.6,3.3
Europe,Montenegro,MNE,2014,11.3,103,136,70,3.5,3.7,3.3,2.6,3.9,4.1,3.7
Europe,Montenegro,MNE,2013,11.2,105,138,71,4.0,4.2,3.8,2.9,4.5,4.7,4.2
Africa,Morocco,MAR,2016,5.4,69,74,65,20.9,23.1,18.7,15.1,24.4,26.7,21.9
Africa,Morocco,MAR,2015,5.0,70,74,66,21.9,24.1,19.6,15.8,25.5,27.9,23.0
Africa,Morocco,MAR,2014,5.0,72,76,67,22.9,25.3,20.5,16.5,26.7,29.2,24.0
Africa,Morocco,MAR,2013,4.8,73,77,69,24.0,26.5,21.5,17.3,28.0,30.6,25.2
Africa,Mozambique,MOZ,2016,3.5,336,386,292,57.5,61.6,53.3,29.0,78.1,82.7,73.2
Africa,Mozambique,MOZ,2015,3.5,359,401,321,59.3,63.5,55.0,29.6,81.8,86.6,76.8
Africa,Mozambique,MOZ,2014,3.4,387,415,361,61.2,65.4,56.8,30.2,86.1,90.9,81.2
Africa,Mozambique,MOZ,2013,3.4,402,426,381,63.1,67.4,58.7,30.9,89.9,94.7,84.9
Asia,Myanmar,MMR,2016,4.9,195,229,163,39.3,43.3,35.0,24.3,49.7,54.1,45.0
Asia,Myanmar,MMR,2015,4.9,197,232,164,40.6,44.8,36.1,24.9,51.6,56.2,46.7
Asia,Myanmar,MMR,2014,4.8,200,235,166,42.0,46.3,37.4,25.5,53.6,58.3,48.6
Asia,Myanmar,MMR,2013,4.7,203,239,169,43.5,47.9,38.8,26.1,55.8,60.6,50.7
Africa,Namibia,NAM,2016,6.8,296,344,253,30.6,33.6,27.4,16.2,42.9,46.6,38.9
Africa,Namibia,NAM,2015,6.7,296,341,255,33.5,36.8,30.1,16.4,44.9,48.9,40.7
Africa,Namibia,NAM,2014,6.7,286,339,239,34.4,37.7,30.9,16.6,45.3,49.3,41.0
Africa,Namibia,NAM,2013,6.6,287,343,235,35.3,38.7,31.7,16.8,46.6,50.7,42.3
Asia,Nepal,NPL,2016,4.9,151,171,131,28.7,31.0,26.2,21.6,34.8,37.1,32.4
Asia,Nepal,NPL,2015,4.7,166,190,143,29.8,32.2,27.3,22.5,36.4,38.7,34.0
Asia,Nepal,NPL,2014,4.5,160,181,140,31.1,33.6,28.4,23.4,38.1,40.4,35.7
Asia,Nepal,NPL,2013,4.2,164,185,144,32.5,35.1,29.7,24.4,40.1,42.4,37.6
Europe,Netherlands,NLD,2016,12.1,59,66,52,3.4,3.7,3.1,2.4,4.0,4.4,3.6
Europe,Netherlands,NLD,2015,12.1,58,66,50,3.4,3.7,3.1,2.6,4.0,4.4,3.6
Europe,Netherlands,NLD,2014,12.1,59,67,51,3.5,3.8,3.1,2.6,4.1,4.5,3.7
Europe,Netherlands,NLD,2013,12.1,61,70,51,3.5,3.8,3.2,2.7,4.2,4.6,3.7
Oceania,New Zealand,NZL,2016,12.5,66,81,51,4.9,5.4,4.4,3.6,5.9,6.5,5.3
Oceania,New Zealand,NZL,2015,12.4,67,82,52,4.9,5.4,4.4,3.6,6.0,6.6,5.3
Oceania,New Zealand,NZL,2014,12.2,67,82,53,5.0,5.5,4.5,3.6,6.0,6.6,5.4
Oceania,New Zealand,NZL,2013,12.1,66,81,52,5.0,5.5,4.5,3.5,6.0,6.6,5.4
North America,Nicaragua,NIC,2016,6.7,146,190,103,16.0,17.9,14.0,9.5,18.7,20.8,16.5
North America,Nicaragua,NIC,2015,6.5,148,193,105,16.1,18.0,14.1,9.5,18.8,21.0,16.6
North America,Nicaragua,NIC,2014,6.5,150,196,107,16.3,18.2,14.2,9.5,19.0,21.2,16.7
North America,Nicaragua,NIC,2013,6.4,153,199,109,16.4,18.3,14.4,9.5,19.2,21.4,16.9
Africa,Niger,NER,2016,1.9,250,263,235,50.5,54.9,45.9,26.3,90.3,94.1,86.5
Africa,Niger,NER,2015,1.8,257,272,240,52.0,56.4,47.3,26.8,94.3,98.0,90.3
Africa,Niger,NER,2014,1.7,258,270,242,53.5,58.0,48.8,27.5,98.5,102.1,94.6
Africa,Niger,NER,2013,1.7,261,274,246,55.2,59.9,50.4,28.2,103.2,107.1,99.3
Africa,Nigeria,NGA,2016,6.2,352,372,333,77.9,85.0,70.5,36.6,123.9,130.9,116.6
Africa,Nigeria,NGA,2015,6.0,355,376,335,78.7,85.9,71.2,36.8,125.4,132.3,118.1
Africa,Nigeria,NGA,2014,5.9,361,382,339,79.6,86.8,72.0,37.0,126.9,133.9,119.6
Africa,Nigeria,NGA,2013,5.9,367,384,349,80.5,87.8,72.8,37.3,128.6,135.7,121.0
Europe,Norway,NOR,2016,12.6,55,66,42,2.1,2.4,1.9,1.6,2.7,2.9,2.4
Europe,Norway,NOR,2015,12.5,54,65,42,2.2,2.4,2.0,1.6,2.7,3.0,2.4
Europe,Norway,NOR,2014,12.5,57,69,43,2.3,2.5,2.0,1.7,2.8,3.1,2.5
Europe,Norway,NOR,2013,12.7,61,75,46,2.3,2.6,2.1,1.7,2.9,3.2,2.6
Asia,Oman,OMN,2016,9.5,96,108,68,9.7,10.7,8.7,5.1,11.3,12.4,10.1
Asia,Oman,OMN,2015,9.5,98,111,70,9.7,10.6,8.6,5.0,11.2,12.3,10.1
Asia,Oman,OMN,2014,9.3,100,113,71,9.7,10.6,8.6,5.0,11.2,12.3,10.1
Asia,Oman,OMN,2013,8.9,101,115,72,9.7,10.7,8.7,5.0,11.3,12.4,10.2
Asia,Pakistan,PAK,2016,5.2,159,178,139,60.5,66.1,54.5,44.0,73.8,78.5,68.8
Asia,Pakistan,PAK,2015,5.1,166,188,143,62.1,67.9,56.0,44.9,76.0,80.7,71.1
Asia,Pakistan,PAK,2014,5.1,167,188,145,63.7,69.7,57.5,45.9,78.2,83.0,73.3
Asia,Pakistan,PAK,2013,4.9,168,187,147,65.4,71.4,59.0,46.8,80.5,85.3,75.5
North America,Panama,PAN,2016,10.0,111,145,76,14.0,15.5,12.5,9.1,16.3,18.0,14.6
North America,Panama,PAN,2015,9.9,112,146,77,14.5,16.1,12.9,9.4,16.9,18.7,15.1
North America,Panama,PAN,2014,9.9,111,144,77,15.0,16.7,13.3,9.7,17.5,19.4,15.6
North America,Panama,PAN,2013,9.7,114,146,80,15.5,17.2,13.7,10.0,18.1,19.9,16.1
Oceania,Papua New Guinea,PNG,2016,4.6,224,256,191,39.8,43.3,36.1,22.9,50.5,54.6,46.1
Oceania,Papua New Guinea,PNG,2015,4.3,226,257,192,40.7,44.3,36.9,23.3,51.7,55.9,47.3
Oceania,Papua New Guinea,PNG,2014,4.3,228,260,195,41.5,45.2,37.7,23.7,53.0,57.1,48.5
Oceania,Papua New Guinea,PNG,2013,4.3,231,263,198,42.4,46.1,38.5,24.1,54.2,58.5,49.7
South America,Paraguay,PRY,2016,8.4,146,165,125,18.4,20.2,16.4,11.4,21.6,23.7,19.3
South America,Paraguay,PRY,2015,8.5,146,165,125,18.9,20.9,16.9,11.8,22.2,24.5,19.9
South America,Paraguay,PRY,2014,8.2,147,166,126,19.5,21.4,17.4,12.2,22.9,25.2,20.6
South America,Paraguay,PRY,2013,8.3,148,168,127,20.1,22.1,18.0,12.5,23.7,26.0,21.2
South America,Peru,PER,2016,9.2,124,154,94,12.0,13.2,10.7,7.9,15.5,17.0,13.9
South America,Peru,PER,2015,9.1,125,155,96,12.5,13.8,11.2,8.3,16.1,17.7,14.5
South America,Peru,PER,2014,9.4,127,157,97,13.1,14.4,11.7,8.6,16.8,18.5,15.1
South America,Peru,PER,2013,8.8,128,158,98,13.7,15.0,12.2,8.9,17.6,19.3,15.8
Asia,Philippines,PHL,2016,9.3,194,244,141,23.4,26.0,20.6,14.1,29.7,32.7,26.4
Asia,Philippines,PHL,2015,9.3,195,245,142,23.7,26.3,20.9,14.3,30.1,33.2,26.9
Asia,Philippines,PHL,2014,9.2,197,247,143,24.0,26.6,21.2,14.5,30.5,33.6,27.3
Asia,Philippines,PHL,2013,9.1,199,249,145,24.2,26.9,21.4,14.6,30.9,34.0,27.6
Europe,Poland,POL,2016,12.2,111,158,62,4.0,4.4,3.6,2.9,4.7,5.1,4.3
Europe,Poland,POL,2015,12.1,115,165,63,4.2,4.5,3.8,2.9,4.9,5.3,4.4
Europe,Poland,POL,2014,11.3,115,164,64,4.3,4.7,3.9,3.0,5.0,5.5,4.6
Europe,Poland,POL,2013,12.1,121,174,67,4.5,4.9,4.1,3.1,5.2,5.7,4.7
Europe,Portugal,PRT,2016,9.2,76,110,43,3.0,3.3,2.7,2.1,3.7,4.0,3.3
Europe,Portugal,PRT,2015,9.1,77,111,44,3.0,3.3,2.7,2.1,3.7,4.0,3.3
Europe,Portugal,PRT,2014,8.9,77,110,45,3.0,3.3,2.7,2.1,3.7,4.0,3.3
Europe,Portugal,PRT,2013,8.6,78,113,46,3.0,3.3,2.7,2.2,3.7,4.0,3.3
Asia,Qatar,QAT,2016,9.8,62,66,47,6.4,6.9,5.9,3.8,7.5,8.0,6.9
Asia,Qatar,QAT,2015,9.8,63,67,47,6.7,7.2,6.2,4.0,7.8,8.4,7.2
Asia,Qatar,QAT,2014,9.8,64,68,48,7.0,7.5,6.4,4.1,8.1,8.8,7.5
Asia,Qatar,QAT,2013,9.9,65,69,48,7.2,7.8,6.6,4.2,8.4,9.1,7.7
Europe,Romania,ROU,2016,11.0,135,191,77,7.1,7.9,6.4,4.0,8.5,9.3,7.6
Europe,Romania,ROU,2015,10.9,136,191,79,7.8,8.6,6.9,4.3,9.2,10.2,8.2
Europe,Romania,ROU,2014,10.9,140,196,82,8.4,9.3,7.5,4.7,10.0,11.0,8.9
Europe,Romania,ROU,2013,10.9,134,188,79,9.0,10.0,8.0,5.0,10.6,11.8,9.5
Africa,Rwanda,RWA,2016,4.1,198,224,172,29.3,32.2,26.4,17.3,38.8,42.2,35.2
Africa,Rwanda,RWA,2015,4.0,203,229,178,30.8,33.7,27.7,17.9,41.3,44.7,37.5
Africa,Rwanda,RWA,2014,4.0,207,232,182,32.5,35.6,29.2,18.6,44.1,47.7,40.2
Africa,Rwanda,RWA,2013,3.8,212,236,188,34.5,37.7,31.0,19.5,47.5,51.3,43.4
North America,Saint Lucia,LCA,2016,8.9,147,178,116,15.6,17.1,13.9,13.0,17.4,19.2,15.6
North America,Saint Lucia,LCA,2015,8.9,148,179,117,15.9,17.5,14.2,13.2,17.8,19.5,15.9
North America,Saint Lucia,LCA,2014,8.7,145,179,112,16.1,17.7,14.4,13.4,18.1,19.8,16.2
North America,Saint Lucia,LCA,2013,8.4,149,181,117,16.2,17.8,14.5,13.6,18.3,20.0,16.4
North America,Saint Vincent and the Grenadines,VCT,2016,8.6,169,208,126,15.7,17.2,14.2,10.4,17.4,19.1,15.7
North America,Saint Vincent and the Grenadines,VCT,2015,8.6,164,202,122,16.2,17.7,14.6,10.8,18.0,19.6,16.2
North America,Saint Vincent and the Grenadines,VCT,2014,8.6,170,207,130,16.6,18.2,15.0,11.2,18.5,20.2,16.7
North America,Saint Vincent and the Grenadines,VCT,2013,8.6,174,208,137,17.1,18.7,15.4,11.6,19.1,20.8,17.2
Oceania,Samoa,WSM,2016,10.3,110,137,80,14.4,15.7,12.9,8.8,16.7,18.3,15.1
Oceania,Samoa,WSM,2015,10.3,113,140,82,14.8,16.2,13.2,9.1,17.2,18.8,15.4
Oceania,Samoa,WSM,2014,10.3,115,143,84,15.1,16.5,13.6,9.3,17.6,19.2,15.8
Oceania,Samoa,WSM,2013,10.3,118,147,86,15.4,16.8,13.8,9.5,17.9,19.6,16.2
Africa,Sao Tome and Principe,STP,2016,6.0,191,221,161,26.1,29.0,23.0,15.2,33.7,37.0,30.1
Africa,Sao Tome and Principe,STP,2015,5.6,192,222,162,27.0,30.0,23.8,15.9,35.1,38.5,31.4
Africa,Sao Tome and Principe,STP,2014,5.3,193,223,163,28.1,31.1,24.7,16.5,36.7,40.2,32.9
Africa,Sao Tome and Principe,STP,2013,5.2,195,225,166,29.2,32.4,25.8,17.0,38.4,42.1,34.6
Asia,Saudi Arabia,SAU,2016,9.5,89,97,78,6.8,7.2,6.4,4.2,8.0,8.4,7.5
Asia,Saudi Arabia,SAU,2015,9.5,90,98,79,7.3,7.7,6.9,4.5,8.5,9.0,8.1
Asia,Saudi Arabia,SAU,2014,9.5,91,99,80,7.9,8.3,7.4,4.9,9.2,9.7,8.7
Asia,Saudi Arabia,SAU,2013,9.5,92,100,81,8.5,8.9,7.9,5.3,9.9,10.4,9.3
Africa,Senegal,SEN,2016,2.9,185,222,153,33.9,37.5,30.1,21.8,47.7,51.8,43.4
Africa,Senegal,SEN,2015,2.9,189,225,157,35.1,38.9,31.2,22.5,50.1,54.3,45.7
Africa,Senegal,SEN,2014,2.8,193,229,162,36.4,40.3,32.3,23.3,52.9,57.1,48.4
Africa,Senegal,SEN,2013,2.8,196,232,165,37.8,41.8,33.6,24.0,55.8,60.1,51.3
Europe,Serbia,SRB,2016,11.1,103,135,70,5.2,5.7,4.7,3.7,6.0,6.6,5.4
Europe,Serbia,SRB,2015,11.0,106,140,72,5.5,6.0,4.9,3.9,6.3,6.9,5.6
Europe,Serbia,SRB,2014,10.7,106,140,72,5.7,6.3,5.1,4.2,6.6,7.2,5.9
Europe,Serbia,SRB,2013,10.4,107,142,72,6.0,6.6,5.3,4.4,6.9,7.6,6.2
Africa,Seychelles,SYC,2016,9.5,163,233,90,12.7,13.7,11.6,9.0,14.8,16.0,13.5
Africa,Seychelles,SYC,2015,9.5,166,236,91,12.7,13.7,11.6,9.0,14.7,15.9,13.5
Africa,Seychelles,SYC,2014,9.4,168,238,92,12.6,13.6,11.5,9.0,14.6,15.8,13.4
Africa,Seychelles,SYC,2013,9.1,171,241,93,12.5,13.4,11.4,8.9,14.5,15.6,13.3
Africa,Sierra Leone,SLE,2016,3.4,389,394,383,84.4,89.9,78.6,34.6,115.5,121.5,109.1
Africa,Sierra Leone,SLE,2015,3.4,404,410,397,87.8,93.4,81.9,35.6,121.8,127.9,115.3
Africa,Sierra Leone,SLE,2014,3.3,446,454,439,91.5,97.3,85.5,36.7,128.9,135.1,122.4
Africa,Sierra Leone,SLE,2013,3.3,393,394,392,95.5,101.3,89.4,37.9,136.7,143.2,130.0
Asia,Singapore,SGP,2016,11.5,51,65,38,2.2,2.4,2.0,1.0,2.7,3.0,2.5
Asia,Singapore,SGP,2015,11.5,54,67,40,2.2,2.3,2.0,1.0,2.7,2.9,2.5
Asia,Singapore,SGP,2014,11.4,55,69,40,2.2,2.3,2.0,1.0,2.7,2.9,2.5
Asia,Singapore,SGP,2013,11.4,56,72,40,2.2,2.3,2.0,1.0,2.7,2.9,2.5
Europe,Slovakia,SVK,2016,12.5,104,147,61,4.9,5.4,4.4,2.9,5.9,6.4,5.3
Europe,Slovakia,SVK,2015,12.5,107,150,62,5.0,5.5,4.5,3.0,6.1,6.6,5.5
Europe,Slovakia,SVK,2014,12.3,109,155,62,5.2,5.6,4.7,3.1,6.2,6.8,5.6
Europe,Slovakia,SVK,2013,12.2,111,156,65,5.3,5.8,4.8,3.2,6.4,7.0,5.8
Europe,Slovenia,SVN,2016,12.3,72,97,45,1.9,2.1,1.8,1.3,2.4,2.5,2.2
Europe,Slovenia,SVN,2015,12.0,74,101,45,2.0,2.2,1.9,1.4,2.5,2.7,2.3
Europe,Slovenia,SVN,2014,11.9,70,94,44,2.1,2.3,2.0,1.5,2.6,2.8,2.4
Europe,Slovenia,SVN,2013,11.7,78,105,48,2.2,2.4,2.1,1.5,2.7,3.0,2.5
Oceania,Solomon Islands,SLB,2016,5.4,146,164,126,18.2,19.8,16.4,8.8,21.3,23.2,19.3
Oceania,Solomon Islands,SLB,2015,5.4,149,167,129,18.8,20.4,17.0,9.1,22.0,24.0,19.9
Oceania,Solomon Islands,SLB,2014,5.3,156,175,136,19.3,21.0,17.5,9.4,22.7,24.7,20.6
Oceania,Solomon Islands,SLB,2013,5.3,157,175,137,19.9,21.7,18.0,9.7,23.4,25.5,21.2
Africa,South Africa,ZAF,2016,10.1,301,359,246,30.7,33.1,28.0,11.3,36.6,39.6,33.4
Africa,South Africa,ZAF,2015,10.1,305,362,250,31.4,34.0,28.7,11.6,37.7,40.7,34.5
Africa,South Africa,ZAF,2014,10.0,316,377,258,32.9,35.5,30.1,11.9,39.5,42.7,36.2
Africa,South Africa,ZAF,2013,9.9,335,401,270,34.1,36.8,31.3,12.2,41.2,44.4,37.8
Africa,South Sudan,SSD,2016,4.8,321,335,308,63.7,68.6,58.1,40.3,98.6,103.0,93.3
Africa,South Sudan,SSD,2015,4.8,328,340,316,63.7,68.6,58.2,40.1,98.6,103.1,93.4
Africa,South Sudan,SSD,2014,4.8,343,360,327,63.7,68.5,58.2,40.1,98.6,102.9,93.5
Africa,South Sudan,SSD,2013,4.8,343,358,329,64.0,68.8,58.5,40.3,99.1,103.3,94.0
Europe,Spain,ESP,2016,9.8,56,74,38,2.7,2.9,2.4,1.9,3.2,3.5,2.9
Europe,Spain,ESP,2015,9.7,58,77,39,2.7,2.9,2.5,1.9,3.3,3.5,3.0
Europe,Spain,ESP,2014,9.7,58,77,38,2.8,3.0,2.5,2.0,3.4,3.6,3.1
Europe,Spain,ESP,2013,9.5,59,79,39,2.9,3.1,2.6,2.0,3.5,3.7,3.2
Asia,Sri Lanka,LKA,2016,10.9,131,191,73,7.0,7.7,6.3,5.0,8.2,9.0,7.4
Asia,Sri Lanka,LKA,2015,10.9,131,190,74,7.5,8.2,6.7,5.3,8.8,9.6,7.9
Asia,Sri Lanka,LKA,2014,10.9,131,189,74,8.0,8.8,7.2,5.6,9.4,10.2,8.4
Asia,Sri Lanka,LKA,2013,10.9,131,189,74,8.6,9.4,7.7,5.8,10.0,10.9,9.0
Africa,Sudan,SDN,2016,3.6,224,253,195,44.4,49.2,39.3,29.7,64.4,69.6,58.9
Africa,Sudan,SDN,2015,3.6,227,256,197,45.4,50.4,40.3,30.3,66.3,71.6,60.8
Africa,Sudan,SDN,2014,3.5,229,258,200,46.5,51.6,41.2,30.9,68.2,73.6,62.6
Africa,Sudan,SDN,2013,3.4,232,261,203,47.6,52.7,42.2,31.4,70.1,75.6,64.4
South America,Suriname,SUR,2016,8.5,180,224,135,18.0,20.1,15.9,10.7,20.2,22.5,17.8
South America,Suriname,SUR,2015,8.4,182,227,136,18.6,20.7,16.4,11.0,20.9,23.2,18.4
South America,Suriname,SUR,2014,8.2,184,226,139,19.2,21.4,16.9,11.4,21.6,23.9,19.0
South America,Suriname,SUR,2013,8.1,186,232,137,19.8,22.1,17.5,11.8,22.3,24.7,19.7
Europe,Sweden,SWE,2016,12.4,52,64,40,2.3,2.5,2.1,1.6,2.8,3.1,2.6
Europe,Sweden,SWE,2015,12.4,54,67,40,2.3,2.5,2.1,1.6,2.9,3.1,2.6
Europe,Sweden,SWE,2014,12.3,55,67,43,2.4,2.6,2.1,1.6,2.9,3.2,2.6
Europe,Sweden,SWE,2013,12.2,56,68,44,2.4,2.6,2.2,1.6,2.9,3.2,2.7
Europe,Switzerland,CHE,2016,13.4,49,62,36,3.8,4.1,3.5,3.0,4.3,4.6,3.9
Europe,Switzerland,CHE,2015,13.4,50,62,37,3.8,4.1,3.5,3.0,4.3,4.7,3.9
Europe,Switzerland,CHE,2014,13.4,50,63,37,3.8,4.1,3.5,3.0,4.4,4.7,4.0
Europe,Switzerland,CHE,2013,13.4,53,67,39,3.8,4.2,3.5,3.0,4.4,4.8,4.0
Asia,Tajikistan,TJK,2016,10.5,123,156,91,32.1,36.0,28.1,15.9,36.9,41.1,32.4
Asia,Tajikistan,TJK,2015,10.5,125,157,93,32.9,36.8,28.8,16.3,37.8,42.2,33.2
Asia,Tajikistan,TJK,2014,10.6,127,159,95,33.7,37.7,29.4,16.8,38.7,43.2,34.1
Asia,Tajikistan,TJK,2013,10.7,128,160,97,34.5,38.6,30.1,17.5,39.7,44.3,34.9
Asia,Thailand,THA,2016,7.6,147,203,91,8.6,9.5,7.6,5.5,10.0,11.0,8.9
Asia,Thailand,THA,2015,7.6,149,205,92,9.0,10.0,8.0,5.8,10.5,11.6,9.3
Asia,Thailand,THA,2014,7.6,151,208,94,9.4,10.5,8.4,6.1,11.0,12.1,9.8
Asia,Thailand,THA,2013,7.5,154,211,96,9.9,11.0,8.8,6.4,11.5,12.8,10.3
Africa,Togo,TGO,2016,4.8,265,284,248,50.0,55.1,44.7,25.8,74.4,80.2,68.3
Africa,Togo,TGO,2015,4.7,271,289,254,51.4,56.6,45.9,26.3,76.8,82.7,70.6
Africa,Togo,TGO,2014,4.7,274,291,258,52.8,58.1,47.2,26.7,79.3,85.2,73.0
Africa,Togo,TGO,2013,4.5,276,293,259,54.2,59.6,48.5,27.2,81.8,87.9,75.3
Oceania,Tonga,TON,2016,11.2,133,167,100,14.1,12.2,16.0,6.9,16.4,14.7,18.0
Oceania,Tonga,TON,2015,11.2,135,169,102,14.4,12.4,16.3,7.0,16.8,15.0,18.4
Oceania,Tonga,TON,2014,11.1,136,170,103,14.7,12.7,16.6,7.2,17.1,15.3,18.8
Oceania,Tonga,TON,2013,11.0,138,172,104,14.9,12.8,16.9,7.3,17.3,15.6,19.1
North America,Trinidad and Tobago,TTO,2016,10.9,172,222,119,17.4,19.1,15.7,12.5,19.5,21.3,17.6
North America,Trinidad and Tobago,TTO,2015,10.8,173,222,121,18.0,19.7,16.2,12.9,20.2,22.0,18.2
North America,Trinidad and Tobago,TTO,2014,10.8,174,223,123,18.6,20.3,16.7,13.3,20.8,22.7,18.8
North America,Trinidad and Tobago,TTO,2013,10.8,177,226,125,19.1,20.9,17.2,13.7,21.4,23.3,19.4
Africa,Tunisia,TUN,2016,7.1,91,111,71,14.7,16.0,13.3,11.4,17.1,18.5,15.6
Africa,Tunisia,TUN,2015,7.0,93,113,73,14.8,16.1,13.4,11.3,17.2,18.6,15.7
Africa,Tunisia,TUN,2014,6.9,94,115,74,14.9,16.2,13.5,11.4,17.3,18.8,15.8
Africa,Tunisia,TUN,2013,6.8,95,116,74,15.0,16.4,13.6,11.5,17.5,19.0,15.9
Asia,Turkey,TUR,2016,8.0,104,138,71,10.3,10.9,9.6,6.2,11.9,12.6,11.2
Asia,Turkey,TUR,2015,7.8,106,141,72,10.9,11.5,10.2,6.9,12.6,13.4,11.9
Asia,Turkey,TUR,2014,7.6,107,142,74,11.5,12.2,10.8,7.5,13.4,14.2,12.6
Asia,Turkey,TUR,2013,7.7,109,145,75,12.3,12.9,11.5,8.1,14.2,15.0,13.4
Asia,Turkmenistan,TKM,2016,9.8,191,253,131,41.8,47.4,36.0,21.9,49.0,55.0,42.6
Asia,Turkmenistan,TKM,2015,9.8,198,262,136,43.2,48.8,37.1,22.4,50.7,56.8,44.1
Asia,Turkmenistan,TKM,2014,9.8,199,265,135,44.6,50.4,38.4,22.9,52.4,58.8,45.7
Asia,Turkmenistan,TKM,2013,9.8,196,260,134,45.9,51.9,39.6,23.4,54.2,60.8,47.3
Africa,Uganda,UGA,2016,5.7,288,333,243,36.8,40.4,33.0,21.1,51.2,56.1,46.0
Africa,Uganda,UGA,2015,5.7,293,341,246,38.6,42.3,34.6,21.8,54.8,60.0,49.4
Africa,Uganda,UGA,2014,5.5,304,356,253,40.4,44.3,36.3,22.5,58.5,63.9,52.8
Africa,Uganda,UGA,2013,5.4,316,359,276,42.7,46.8,38.4,23.2,62.7,68.3,56.7
Europe,Ukraine,UKR,2016,11.3,180,264,98,7.9,8.7,7.0,5.5,9.2,10.1,8.3
Europe,Ukraine,UKR,2015,11.3,188,276,102,8.1,9.0,7.3,5.6,9.5,10.4,8.5
Europe,Ukraine,UKR,2014,11.3,212,312,113,8.4,9.3,7.5,5.8,9.8,10.8,8.8
Europe,Ukraine,UKR,2013,11.3,207,303,113,8.7,9.7,7.8,6.0,10.2,11.2,9.1
Asia,United Arab Emirates,ARE,2016,10.8,74,80,56,6.6,7.3,5.9,4.2,7.8,8.6,6.9
Asia,United Arab Emirates,ARE,2015,10.6,75,81,57,6.7,7.4,6.0,4.2,7.8,8.6,7.0
Asia,United Arab Emirates,ARE,2014,10.5,76,82,58,6.8,7.5,6.0,4.3,7.9,8.7,7.0
Asia,United Arab Emirates,ARE,2013,10.3,78,84,59,6.8,7.6,6.1,4.3,8.0,8.8,7.1
South America,Uruguay,URY,2016,8.7,114,149,79,7.2,8.0,6.3,4.9,8.4,9.3,7.5
South America,Uruguay,URY,2015,8.7,114,149,80,7.6,8.4,6.6,5.0,8.9,9.8,7.8
South America,Uruguay,URY,2014,8.6,114,150,79,7.9,8.8,6.9,5.0,9.2,10.3,8.2
South America,Uruguay,URY,2013,8.5,117,155,79,8.2,9.2,7.2,5.0,9.6,10.6,8.5
Asia,Uzbekistan,UZB,2016,11.4,131,167,96,21.5,24.5,18.3,13.1,24.2,27.4,20.7
Asia,Uzbekistan,UZB,2015,11.4,133,170,98,23.0,26.2,19.6,14.0,25.9,29.4,22.2
Asia,Uzbekistan,UZB,2014,11.3,139,177,102,24.6,28.0,21.0,15.0,27.8,31.5,23.9
Asia,Uzbekistan,UZB,2013,11.3,141,179,104,26.3,29.9,22.4,16.1,29.8,33.8,25.6
Oceania,Vanuatu,VUT,2016,6.8,129,155,104,23.4,25.1,21.5,12.1,27.9,30.0,25.7
Oceania,Vanuatu,VUT,2015,6.8,132,157,106,23.9,25.6,22.0,12.4,28.6,30.7,26.3
Oceania,Vanuatu,VUT,2014,6.8,136,162,110,24.3,26.1,22.3,12.6,29.1,31.2,26.7
Oceania,Vanuatu,VUT,2013,6.8,137,162,111,24.6,26.4,22.7,12.8,29.5,31.6,27.2
Asia,Yemen,YEM,2016,3.0,221,244,199,42.9,46.9,39.0,27.0,55.0,59.1,51.2
Asia,Yemen,YEM,2015,3.0,240,269,211,42.9,46.9,39.0,27.0,55.0,59.0,51.1
Asia,Yemen,YEM,2014,3.0,226,248,204,42.9,46.8,39.0,27.0,55.0,58.9,51.0
Asia,Yemen,YEM,2013,3.0,225,246,204,42.9,46.8,39.0,26.9,55.0,58.9,51.0
Africa,Zambia,ZMB,2016,7.0,286,324,250,43.1,47.0,39.0,24.3,62.0,66.8,56.8
Africa,Zambia,ZMB,2015,6.9,295,330,261,44.5,48.4,40.2,24.7,64.6,69.6,59.3
Africa,Zambia,ZMB,2014,6.9,299,334,266,45.9,49.9,41.6,25.0,66.9,72.0,61.5
Africa,Zambia,ZMB,2013,6.8,311,347,277,47.8,52.0,43.4,25.3,70.7,75.9,65.1
Africa,Zimbabwe,ZWE,2016,8.2,334,371,303,36.3,40.4,32.0,22.3,50.4,55.0,45.5
Africa,Zimbabwe,ZWE,2015,8.2,346,383,314,38.5,42.8,34.0,23.1,54.3,59.2,49.2
Africa,Zimbabwe,ZWE,2014,8.2,358,395,328,40.4,44.9,35.6,24.2,57.5,62.5,52.3
Africa,Zimbabwe,ZWE,2013,8.0,383,437,336,42.8,47.5,37.9,25.3,62.3,67.4,56.8
